[{
  "_id": {
    "$oid": "6320ee3809cf8de51403e383"
  },
  "email": "pedro@gmail.com",
  "fyh": "12/09/22 - 17:38",
  "msj": "Buenas tardes!"
},{
  "_id": {
    "$oid": "6320ee3809cf8de51403e384"
  },
  "email": "franco@gmail.com",
  "fyh": "12/09/22 - 15:40",
  "msj": "Hola! "
},{
  "_id": {
    "$oid": "6320ee3809cf8de51403e385"
  },
  "email": "daniel@gmail.com",
  "fyh": "11/09/22 - 10:05",
  "msj": "Buenos dias!!"
},{
  "_id": {
    "$oid": "6320ee3809cf8de51403e386"
  },
  "email": "mariela@gmail.com",
  "fyh": "11/09/22 - 00:50",
  "msj": "Feliz cumple fran!"
},{
  "_id": {
    "$oid": "6320ee3809cf8de51403e387"
  },
  "mail": "francisca@gmail.com",
  "fyh": "11/09/22 - 00:56",
  "msj": "Gracias!!"
},{
  "_id": {
    "$oid": "6320ee3809cf8de51403e388"
  },
  "email": "lucas@gmail.com",
  "fyh": "08/09/22 - 12:40",
  "msj": "Mil disculpas! "
},{
  "_id": {
    "$oid": "6320ee3809cf8de51403e389"
  },
  "email": "gregorio@gmail.com",
  "fyh": "10/09/22 - 11:08",
  "msj": "Recien me levanto..."
},{
  "_id": {
    "$oid": "6320ee3809cf8de51403e38a"
  },
  "email": "ludmila@gmail.com",
  "fyh": "03/09/22 - 22:22",
  "msj": "Pedi un deseo!!"
},{
  "_id": {
    "$oid": "6320ee3809cf8de51403e38b"
  },
  "email": "santino@gmail.com",
  "fyh": "04/09/22 - 23:38",
  "msj": "Estas en tu casa?"
},{
  "_id": {
    "$oid": "6320ee3809cf8de51403e38c"
  },
  "email": "luciano@gmail.com",
  "fyh": "10/09/22 - 18:15",
  "msj": "Me voy a españa!"
}]