[{
  "_id": {
    "$oid": "6320fc1c09cf8de51403e399"
  },
  "codigo": "wqd31d",
  "nombre": "Jean Recto",
  "precio": 2800,
  "stock": 100
},{
  "_id": {
    "$oid": "6320fc1c09cf8de51403e39a"
  },
  "codigo": "ghr65a",
  "nombre": "Jogging Negro",
  "precio": 1340,
  "stock": 100
},{
  "_id": {
    "$oid": "6320fc1c09cf8de51403e39b"
  },
  "codigo": "yky12p",
  "nombre": "Jogger Bordo",
  "precio": 2180,
  "stock": 100
},{
  "_id": {
    "$oid": "6320fc1c09cf8de51403e39c"
  },
  "codigo": "laf88d",
  "nombre": "Camisa Floreada",
  "precio": 1760,
  "stock": 100
},{
  "_id": {
    "$oid": "6320fc1c09cf8de51403e39d"
  },
  "codigo": "grt09h",
  "nombre": "Camisa Cuello Mao",
  "precio": 3250,
  "stock": 100
},{
  "_id": {
    "$oid": "6320fc1c09cf8de51403e39e"
  },
  "codigo": "shc14w",
  "nombre": "Chomba Azul",
  "precio": 1999,
  "stock": 100
},{
  "_id": {
    "$oid": "6320fc1c09cf8de51403e3a0"
  },
  "codigo": "hrt86j",
  "nombre": "Campera de Cuero",
  "precio": 4900,
  "stock": 0
},{
  "_id": {
    "$oid": "6320fc1c09cf8de51403e3a2"
  },
  "codigo": "bsd64q",
  "nombre": "Zapatillas DC",
  "precio": 3420,
  "stock": 100
}]